year,key0,key1,key2,key3,key4,key5,key6,key7,key8,key9,key10,key11,key12,key13,key14,key15,key16,key17,key18,key19,key20,key21,key22,key23,key24,key25,key26,key27,key28,key29,key30,key31,key32,key33,key34,key35,key36,key37,key38,key39,key40,key41,key42,key43,key44,key45,key46,key47,key48,key49
1951,-4.863280693689982,-1.3261472781499226,-12.571213404337565,-12.14893881479899,-12.083696683247885,-12.361355463663736,-11.692211469014486,-14.529616673787435,-12.193309783935547,-8.192574818929037,-10.910374323527018,-12.019232114156088,-12.035954157511393,-13.620701789855957,-12.000348409016928,-13.908729553222656,-0.40138407548268634,-11.963358561197916,-11.871676762898764,-8.96333106358846,-11.197179158528646,-9.811190764109293,-7.986037254333496,-6.137126286824544,-4.797224402427673,13.679316202799479,-4.518332004547119,-0.4471323490142822,9.02961794535319,6.622068881988525,-3.0199209029475846,9.256122271219889,-2.936449557542801,11.95421059926351,13.843949317932129,5.715186198552449,20.993797938028973,-2.629658838113149,13.12479567527771,-5.099053382873535,21.884397824605305,9.722939237952232,22.88239097595215,7.145721435546875,22.63211949666341,23.08022117614746,-2.656258781750997,-2.3857840299606323,-2.7712727785110474,-2.4432982727885246
1952,-6.092623074849446,-3.508699814478556,-12.737839698791504,-9.119961023330688,-12.18602180480957,-9.545571605364481,-14.659082412719727,-15.259196599324545,-6.793439229329427,-11.627588272094727,-13.48626963297526,-12.327784220377604,-5.265368461608887,-11.181866327921549,-5.260818799336751,-11.459372997283936,-3.6522690455118814,-11.170802593231201,-5.832554817199707,-14.106322288513184,-5.599931240081787,-3.7280405362447104,-0.8829286893208822,1.663174311319987,-11.716043949127197,-0.7640972932179769,3.2216721375783286,-8.989748318990072,12.081957499186197,17.749142011006672,-5.079197804133098,22.047696749369305,-1.300888180732727,25.52969201405843,27.38452911376953,10.272784550984701,30.996252695719402,-4.653312340378761,14.584280331929525,-3.001406600077947,22.644792079925537,12.624775250752768,32.002390225728355,11.27683957417806,24.401094913482666,30.54986826578776,-2.3928916454315186,-1.6427731315294902,-2.5635544856389365,-2.2100674708684287
1953,-7.550114472707112,-2.457163453102112,-11.130789438883463,-7.961660544077556,-8.832651774088541,-6.573245525360107,-13.919329961140951,-13.267379760742188,-5.373379230499268,-4.700529257456462,-11.46298917134603,-10.339831988016764,-4.964967091878255,-8.978033701578775,-4.483966489632924,-7.9907816251118975,-5.306305726369222,-6.590144698818524,-3.2502729892730713,-14.742910067240397,-1.2440797487894695,0.8890165338913599,2.410907745361328,3.1351293325424194,-12.772863388061523,4.2203264236450195,3.3579235871632895,-8.848538398742676,8.035578886667887,5.119029442469279,-2.5795068476969996,8.000253200531006,-3.3641667862733207,11.132262706756592,13.851532618204752,11.25991439819336,15.559492429097494,-2.3862804174423218,14.287103970845541,-2.123732089996338,17.543392817179363,12.79243246714274,18.380460739135742,11.78295103708903,16.78300189971924,19.55910841623942,-2.864738861719767,-2.5822765032450357,-2.4877601861953735,-2.256447046995163
1954,-8.542392412821451,-4.162236054738362,-12.397516091664633,-9.488834778467814,-13.262849807739258,-12.16389528910319,-13.383886178334555,-13.858269373575846,-10.120265483856201,-9.993082364400228,-12.796273231506348,-11.514479319254557,-7.828211923440297,-8.168421427408854,-5.735354423522949,-10.632540067036947,-5.978625118732452,-12.842867851257324,-4.023860454559326,-12.01247501373291,-2.7528813680013022,-1.8765075206756592,-1.3624941507975261,-0.9265383879343668,-9.16586430867513,7.78899343808492,-0.1394821604092916,-6.43331257502238,6.152996341387431,8.535933335622152,-4.264018853505452,13.885282516479492,-1.5133249560991924,19.288544336954754,23.943980534871418,6.86918032169342,27.95260492960612,-4.268889665603638,20.16708819071452,-0.3785312970479329,29.85356903076172,14.942257563273111,32.85169537862142,10.312222480773926,29.018600463867188,35.65955924987793,-2.063851555188497,-1.1900946497917175,-2.1186209122339883,-1.6519366273035605
1955,0.014876623948415121,0.8825666507085165,-2.865671237309774,-0.6760717233022054,-3.926558474699656,-1.934587558110555,-4.511756936709086,-15.257510821024576,-0.15741634368896484,-5.402245402336121,-5.494224667549133,-12.134007136027018,1.1768892606099446,-8.990063508351644,2.2137524286905923,-9.04826815923055,0.5536032120386759,-5.640580693880717,3.1454366048177085,-4.81466559569041,3.957902431488037,4.672711690266927,5.381113141775131,6.2275957862536115,-3.61333429813385,2.3915797670682273,7.278590838114421,-1.4914170900980632,6.069306929906209,6.520304997762044,-8.022741238276163,10.483100016911825,-6.358713547388713,13.607562899589539,14.962631106376648,-0.011661450068155924,15.330366134643555,-8.141146977742514,2.1982471148173013,-5.354783594608307,6.044610182444255,1.2291855812072754,14.616160909334818,0.5591702262560526,7.129223585128784,12.53434419631958,-5.680959145228068,-7.535763740539551,-7.364137331644694,-8.102705001831055
1956,2.01235161225001,0.015236298243204752,-10.421546220779419,-4.939543664455414,-9.160757700602213,-4.558605790138245,-14.0059175491333,-12.212807973225912,-0.7476747830708822,-5.599043607711792,-12.73536459604899,-9.688039143880209,1.1258721202611923,-9.476778348286947,1.2590568860371907,-7.951071500778198,0.7211803595225016,-7.210232655207316,0.8615371386210123,-14.187081178029379,1.0970139503479004,2.454255978266398,4.405883098642032,6.119566718737285,-11.13399330774943,3.779081702232361,7.109403212865193,-6.6393823226292925,5.58700958887736,-1.1486958662668865,-4.331117471059163,3.166666030883789,-2.94578484694163,7.564690788586934,11.027243932088217,5.744274457295735,13.244877815246582,-4.929910500844319,12.243494709332785,-6.940853754679362,15.089653968811035,10.144118507703146,15.511226336161295,7.925697823365529,14.230624198913574,16.205640474955242,-4.59922734896342,-3.402692218621572,-4.97989296913147,-4.4299388726552325
1957,7.398727575937907,-0.7421096563339233,-4.533868471781413,-2.8255182902018228,-3.98618221282959,-3.219602584838867,-4.791672388712565,-11.902139981587728,-1.9365490277608235,-4.872147719065349,-4.15178378423055,-9.943194071451822,-0.4727969169616699,-10.286531289418539,0.6677784522374471,-9.490010420481363,-2.0077717155218124,-5.457616964975993,1.0739368200302124,-3.880735715230306,0.8308051427205404,0.35835695266723633,0.20206860701243082,0.6450985272725424,-2.6737282276153564,6.971526861190796,1.5439711411794026,-2.190934340159098,2.7421088020006814,7.873992919921875,-2.017628828684489,11.902534325917562,0.6448448896408081,15.677148461341858,18.338874061902363,3.4656940698623657,25.36226177215576,-3.187300145626068,17.084542274475098,-11.008268356323242,31.308406511942547,11.543381690979004,28.340949376424152,6.919875144958496,32.530744552612305,29.25756533940633,-0.24864154060681662,-0.39145420491695404,-0.638782779375712,-0.9438851003845533
1958,-0.3350226643184821,0.58085564772288,-7.2238240242004395,-5.84749174118042,-6.692549228668213,-6.011918544769287,-8.269816001256308,-12.796531359354654,-6.194002628326416,-4.325117190678914,-7.606418609619141,-10.21895694732666,-6.672701199849446,-6.142910639444987,-6.120152473449707,-5.353965123494466,-1.5782086849212646,-4.853956540425618,-3.5085814793904624,-7.850277940432231,0.6994727452596029,4.896161397298177,7.438904762268066,7.952759822209676,-5.989575614531835,8.453484376271566,7.204901456832886,-3.827119449774424,4.9408367077509565,6.223463177680969,-3.9251213868459067,10.798595825831095,-3.166634678840637,15.049089590708414,18.063818613688152,3.6690582434336343,19.157534917195637,-5.024126927057902,1.7907519340515137,-2.322795867919922,6.96894367535909,1.889876365661621,19.563586235046387,2.6576313972473145,9.47110398610433,17.80001139640808,-4.533383289972941,-3.3271400928497314,-3.8916542331377664,-3.5593101978302
1959,0.48918603857358295,0.4261933354039987,-3.8646082878112793,-0.618790070215861,-6.364761034647624,-3.742304801940918,-5.933905680974324,-10.911888122558594,-1.556390364964803,-5.172228813171387,-7.405224998792012,-8.675064245859781,-0.7997296253840128,-5.173048039277394,-0.9664112130800883,-7.371478637059529,-2.3473015824953714,-7.608615676561992,-0.9210418860117594,-5.398026704788208,-0.03425818681716919,1.4036444822947185,2.645331621170044,3.3251802126566568,-2.5418355464935303,12.074810107549032,3.6073182423909507,0.6559731960296631,3.7639282743136087,-2.015510320663452,-2.786174933115641,3.1581149101257324,-1.0193809202561777,8.282771746317545,12.439392066250244,5.6279018719991045,12.201716423034668,-3.087549646695455,9.15216334660848,-1.2427393893400829,15.579982916514078,6.527370770772298,14.877383157610893,5.266172885894775,14.588180383046469,15.81570279598236,-1.1285658677419026,-0.8558680812517802,-1.0177286863327026,-1.0772384405136108
1960,0.7295976877212524,-0.6545948584874471,1.2110179265340169,3.6252622604370117,0.6179365317026774,2.39432700475057,-0.11996293067932129,-14.054743131001791,3.8879199028015137,-3.9009606540203094,-0.6468180815378824,-11.17628256479899,4.905336856842041,-8.445433457692465,5.973440170288086,-5.966291109720866,-2.0180326302846274,-0.7265647053718567,7.583341280619304,0.37104491392771405,9.583701511224112,11.081913431485495,11.323790311813354,10.441198507944742,2.1478341817855835,8.596303304036459,9.484020312627157,3.7661013901233673,6.324199199676514,0.43654608726501465,-5.04896870876352,4.105717658996582,-0.44548071424166363,7.585801561673482,10.320982217788696,1.0544941425323486,15.039452393849691,-5.33542425185442,4.809244712193807,-7.591835021972656,13.11932643254598,2.728569984436035,16.839951992034912,1.556886911392212,14.51948290069898,17.21336285273234,-0.8585017522176107,-0.7993012269337972,-0.731212298075358,-0.9361081123352051
1961,0.02509621779123942,-1.2804754662017028,-13.144436995188395,-9.426030238469442,-14.023892243703207,-11.223748445510864,-15.05950133005778,-12.421437899271647,-8.971191684405008,-4.495503266652425,-15.715037027994791,-9.888738950093588,-8.123325188954672,-15.090081532796225,-8.104066530863443,-13.584285100301107,-4.885096947352092,-12.65959390004476,-7.488425890604655,-14.029846827189127,-5.413484255472819,-2.3883474270502725,0.422466516494751,2.1417486667633057,-10.807007789611816,6.658133427302043,2.784069220225016,-7.304114659627278,11.271986643473307,9.380779584248861,-3.775958855946859,13.346625487009684,0.6748671531677246,16.39776039123535,17.89252217610677,10.710564613342285,27.344014485677082,-4.863248984018962,18.470035552978516,-4.541698137919108,27.07427151997884,15.411701202392578,28.020309448242188,12.770715713500977,28.488452275594074,26.835826237996418,-1.1184674104054768,0.07522769769032796,-0.721699078877767,-0.5394890308380127
1962,3.121624847253164,-0.7043681343396505,-6.12367598215739,-2.737772305806478,-7.341301918029785,-4.853067080179851,-8.553192456563314,-12.547141710917154,-2.8117701212565103,-7.677030801773071,-9.113226890563965,-11.2095414797465,-1.6072231928507488,-7.562931656837463,-0.7271766662597656,-6.339371840159099,0.7769036690394083,-6.228124141693115,0.48343849182128906,-8.842653592427572,2.194840590159098,4.059203366438548,5.482659339904785,6.091448545455933,-7.085403760274251,10.09013557434082,6.066414912541707,-4.719775199890137,4.328978180885315,5.119361877441406,-7.112984657287598,9.306232690811157,-2.634779433409373,13.596634109814962,17.03560145696004,7.134013652801514,19.419658939043682,-8.869616667429606,7.828161875406901,-9.36846367518107,13.023313204447428,6.746815045674642,21.256460587183636,6.567878405253093,13.83375914891561,20.9194957613945,-3.4936722914377847,-4.188018242518107,-4.087798992792766,-4.680635770161946
1963,1.0803019205729167,-0.4505666494369507,1.5137139956156414,2.4786388874053955,1.7921964327494304,2.4788703521092734,0.8859801292419434,-12.533796628316244,2.069963733355204,-8.793847242991129,1.092166582743327,-11.784783681233725,0.4546133677164714,-1.1618639628092449,-1.556602954864502,0.6646151542663574,-3.0321750044822693,2.071648915608724,-2.8879414399464927,1.7936769525210063,-3.14246666431427,-2.5390659173329673,-1.6744669278462727,-1.0195517341295879,4.20401652654012,3.2430221852846444,-0.5437714656194051,6.578350067138672,5.374086221059163,-9.319438457489014,-4.683030803998311,-3.776400883992513,-3.591609080632528,2.0282175540924072,6.894641220569611,1.514997084935506,8.126802523930868,-5.850176890691121,2.7305716077486673,-6.359279155731201,9.753190358479818,0.6172423760096232,11.244045893351236,0.15510547161102295,9.584088971217474,12.43205992380778,-2.0252313216527305,-3.2270189126332602,-1.4978630443414052,-2.2209675312042236
1964,0.07934838533401489,-0.41463831067085266,0.10444863637288411,4.015170574188232,2.877353847026825,5.682248036066691,-1.5329802955190341,-11.103494008382162,8.223748127619425,-0.4186012844244639,1.6496715545654297,-8.292076905568441,9.049983501434326,-0.375160018603007,8.024290402730307,1.0739596684773762,0.20660752058029175,4.754103978474935,5.927055994669597,-0.22309203942616782,3.8359630902608237,2.448171774546305,1.9770653247833252,2.4374703566233316,2.594697952270508,4.131117502848308,3.885929743448893,4.409583409627278,6.357214371363322,-5.778440634409587,-8.664986928304037,-1.659256378809611,-4.3770458698272705,3.0051910678545632,7.391862154006958,4.147916316986084,9.994059403737387,-9.354110399881998,5.136483704050382,-7.1064378420511884,15.49441401163737,2.5709303418795266,14.718903223673502,2.2415941953659058,15.662224451700846,17.146111488342285,-5.577705383300781,-5.403090476989746,-6.095869700113933,-6.118027051289876
1965,-0.7353831132253011,-2.1262015302975974,-8.596955001354218,-7.775647421677907,-6.367798805236816,-6.581048011779785,-9.384835402170816,-9.271087169647217,-6.138599395751953,-4.399069865544637,-6.118729035059611,-6.4741865793863935,-4.163861274719238,-5.506812413533528,-0.6676276524861654,-4.5442765553792315,-3.567318486670653,-4.281523068745931,2.932961940765381,-9.404885609944662,5.018679817517598,4.8290426929791765,3.2176981369654336,1.9159222443898518,-8.044567584991455,7.1447428067525225,2.1004811922709146,-5.774856249491374,5.308903217315674,-2.895110766092936,-5.338189284006755,0.458800474802653,-4.646546681722005,4.670749346415202,8.891480445861816,5.085812409718831,11.741028785705566,-3.102495471636454,10.62332558631897,-7.5343092282613116,15.901543219884237,7.920010805130005,15.9418704037865,5.902536233266194,14.77663000424703,18.219085534413654,0.028999169667561848,-3.073532223701477,-0.562524159749349,-1.6802702446778615
1966,2.8841537634531655,0.9999596277872721,6.85825777053833,9.083149592081705,0.8510114351908366,2.8983383178710938,6.042596499125163,-11.668682416280111,4.852351188659668,-1.0122775038083394,-0.45418262481689453,-8.440048694610596,6.2663044929504395,-8.907964070638021,7.2448577880859375,-5.302114183704059,1.501034100850423,-1.321187973022461,8.308082580566406,6.905548095703125,9.69051996866862,11.339069068431854,12.860604921976725,13.828396479288736,8.232411861419678,6.571536223093669,14.089078108469645,8.028671423594156,8.116307894388834,-12.555121739705404,-8.668078740437826,-7.012574871381124,-6.387391408284505,-1.4874474207560222,2.5315184593200684,-2.6497534116109214,13.790277441342672,-9.672126134236654,-5.813014030456543,-7.673085848490397,8.24624756971995,-6.330812136332194,13.823457717895508,-4.961177825927734,14.198583443959555,10.496810545523962,-6.22514009475708,-7.072927474975586,-6.926143169403076,-7.347474733988444
1967,-3.920085350672404,0.8398261070251465,-10.583885431289673,-8.562527259190878,-10.983935435612997,-9.330886006355286,-11.139212210973104,-11.797989845275879,-7.8472830057144165,-4.600775957107544,-11.829298496246338,-8.899073600769043,-7.031911293665568,-9.731711546579996,-6.565735499064128,-8.142801284790039,-1.5483288715283077,-8.637269417444864,-5.80464502175649,-9.624481439590454,-4.1909356117248535,-1.8222974141438801,0.7642743587493896,2.854996512333552,-6.762010365724564,3.156335781017939,4.031369556983312,-4.38482799132665,8.108946959177652,7.225346565246582,-5.421405951182048,11.4255450963974,-4.590573787689209,14.910164833068848,16.78619162241618,6.210300445556641,20.338995536168415,-4.736618433147669,15.111106236775717,-6.56458314259847,21.782854715983074,11.624348004659018,21.466540654500324,8.464839299519857,21.492061614990234,21.063175519307453,-0.36535878976186115,-2.6705601612726846,-0.10981955130894978,-0.9520754814147949
1968,1.9177267945682008,2.7276942332585654,-10.070711453755697,-7.445211172103882,-8.56986673672994,-6.700681368509929,-11.82694959640503,-9.598212083180746,-5.18470561504364,-6.4185170729955034,-10.020309209823608,-9.936741868654886,-4.046056270599365,-6.5700297355651855,-2.7459967931111655,-4.717200994491577,4.191051562627156,-4.986949433883031,-0.8883751233418783,-11.335209846496582,1.6991453568140666,4.731730540593465,7.529091874758403,9.32633101940155,-8.395695368448893,-1.887829137345155,9.40987785657247,-4.464907328287761,5.003012577692668,6.6645481785138445,-6.842981497446696,10.153796752293905,-4.687172810236613,13.330002307891846,15.396631240844727,0.9027101198832194,18.801777203877766,-6.290617068608602,4.730826298395793,-10.240006446838379,15.283312797546387,1.8124312857786815,20.531946182250977,0.49112892150878906,16.424502849578857,19.933098475138348,-5.589242458343506,-4.789898077646892,-5.795147736867269,-5.39095409711202
1969,2.5623518228530884,2.7277074654897056,-0.7722763220469157,1.7193213552236557,-0.15654802322387695,2.3830219904581704,-3.5696075757344565,-7.725123246510823,3.214306672414144,-0.9109499454498291,-3.4748644630114236,-5.28415584564209,2.937023321787516,2.4339484771092734,2.789149522781372,4.3997008005778,3.440869172414144,2.3353323936462402,3.5229978561401367,-4.77124039332072,4.679719924926758,5.212413946787517,4.5917443831761675,3.12424365679423,-3.2849621772766113,9.769391218821207,1.684373180071513,0.25654951731363934,9.844281991322836,0.1782528559366862,-5.317647298177083,3.259917894999186,-5.802200476328532,6.221122155586879,8.207304000854492,0.2622286528348923,9.883508682250977,-5.523614009221395,1.1396343509356182,-6.73338786760966,5.366638104120891,0.26652725537618,10.260594844818115,-0.026134530703226726,6.293926080067952,8.913886547088623,-4.4721033573150635,-5.66395918528239,-5.230886856714885,-5.709665457407634
1970,-0.3697471618652344,4.632054512699445,-9.120911916097006,-6.938684781392415,-8.557160059611002,-7.479687372843425,-9.726511796315512,-10.312152862548828,-6.698209762573242,-6.200173060099284,-9.111745834350586,-9.135504404703775,-6.531633377075195,-5.904350121815999,-6.842151006062825,-4.390491485595703,4.687054872512817,-5.820992151896159,-7.183371861775716,-7.7891496022542315,-7.034007708231608,-6.038877169291179,-4.2061483065287275,-1.7147367000579834,-3.960891087849935,2.359790325164795,1.077875018119812,-0.19380664825439453,7.15183671315511,13.412168423334757,-2.7104186614354453,17.80853843688965,-2.6027619217832885,20.993287722269695,22.229770342508953,2.7050016721089682,26.36633237202962,-4.003140350182851,4.88623442252477,-5.771445989608765,15.45694382985433,2.5029077529907227,26.111533482869465,1.7197222709655762,17.780121167500813,23.650619506835938,-3.660738229751587,-2.654340982437134,-3.2144039471944175,-2.952613651752472
1971,-0.4541786114374797,3.3333253463109336,-5.195498148600261,-3.9992974599202475,-5.129281282424927,-4.9110484917958575,-5.112410545349121,-10.348766644795736,-3.895803610483805,-5.763488292694092,-5.060169776280721,-8.198464711507162,-1.8147837320963542,-6.073781490325928,0.8625118732452393,-4.787257591883342,3.2708937327067056,-4.80391526222229,3.204808861017227,-4.022902806599935,4.446181217829387,4.614839752515157,4.483488818009694,4.7812468608220415,-2.573934555053711,10.826072533925375,5.740003148714702,-1.567151625951131,4.446892778078715,5.427343964576721,-5.335031429926555,7.7653952439626055,-3.5690819025039673,9.501400192578634,10.21953535079956,5.13265073299408,11.24116055170695,-6.51756739616394,10.251808017492294,-8.31652053197225,15.01356283823649,8.049423853556315,12.589717149734497,6.2393778165181475,14.857638359069824,12.835958878199259,-3.1815675497055054,-3.8559751510620117,-3.517062266667684,-3.887878974278768
1972,-0.7620072364807129,0.8450555404027303,-7.873780111471812,-6.081420083840688,-8.80680501461029,-7.930287261803945,-7.8340582847595215,-10.822820345560709,-6.269677360852559,-1.4386530468861263,-8.30698067943255,-7.375336170196533,-4.575151761372884,-8.499143759409586,-3.3664476374785104,-9.56787904103597,0.2806916981935501,-9.456617991129557,-2.6319687366485596,-5.734706997871399,-1.9194951852162678,-0.7607277234395345,0.9871953427791595,2.8674609462420144,-2.5077550212542215,10.161125977834066,4.203575630982717,0.3775540192921956,5.672848264376323,6.478833039601644,-2.3616145004828772,9.737632751464844,-2.9042261441548667,12.8104297320048,15.257649421691895,11.347517013549805,19.407521565755207,-2.1660889784495034,21.636241912841797,-4.529616832733154,26.59991963704427,18.316919962565105,22.974505106608074,14.759794235229492,25.750316619873047,25.34187380472819,-0.21520373225212097,-2.1597816745440164,-1.176822563012441,-1.806329384446144
1973,-2.486010357737541,1.543975551923116,-9.027979373931885,-6.363115290800731,-8.396315495173136,-7.725053459405899,-10.959270318349203,-10.472081820170084,-7.901424179474513,-5.2451222737630205,-9.316935539245605,-8.472931861877441,-8.569864451885223,-9.017394224802652,-8.930461963017782,-7.144320408503215,-0.3195701837539673,-6.929250756899516,-8.254921515782675,-11.106138706207275,-6.491460959116618,-4.218299229939778,-2.134640614191691,-0.6029176215330759,-9.39480945467949,8.245155135790506,0.37482861677805585,-6.9419160683949785,7.640413045883179,15.911362330118815,-3.429846405982971,18.811006546020508,-1.3505828380584717,21.594469388326008,23.7218017578125,14.579431215922037,31.352773030598957,-4.069469690322876,18.239047368367512,-6.33429495493571,32.9279588063558,14.888663132985434,35.03901290893555,13.793775876363119,34.4631404876709,36.27822240193685,-1.5765409047404926,-1.8263160089651744,-1.849202831586202,-2.0903971989949546
1974,-1.0633390347162883,0.6364612579345703,-6.2427712281545,-3.920938014984131,-8.069765239953995,-7.269609411557515,-7.732379674911499,-9.180822372436523,-6.740805427233378,-4.200861136118571,-8.657112836837769,-7.705372174580892,-6.480724414189656,-12.71752675374349,-6.149280200401942,-12.460654258728027,-1.422988345225652,-9.346849123636881,-5.362128794193268,-7.425097465515137,-3.9175096352895102,-2.0622143745422363,-0.2981009880701701,0.862648089726766,-5.439903736114502,3.7218998869260154,1.2124061584472656,-3.062943935394287,6.466733296712239,14.056559721628824,-2.585691769917806,18.099100748697918,-0.1583090623219808,21.46929105122884,23.111690839131672,10.256468931833902,29.367041905721027,-2.3129252195358276,10.789932568868002,-4.4000007311503095,23.000560124715168,8.862119674682617,29.954909642537434,8.80107577641805,26.102100372314453,27.810335159301758,-0.2065740426381429,0.7882798512776693,0.18450876077016196,0.73098357518514
1975,-2.017821947733561,0.102414071559906,-5.466488520304362,-0.9202481905619303,-7.092347145080566,-3.985680421193441,-9.020763079325357,-7.6060835520426435,-1.6016699473063152,-1.1931981245676677,-9.963456432024637,-3.588581164677938,0.02428134282430013,-7.930307229359944,1.2358638842900593,-5.603485186894734,-0.4702062209447225,-5.620262622833252,2.261860191822052,-10.221558094024658,3.0244821906089783,3.4733632802963257,3.790952761967977,4.434113423029582,-9.075934092203775,5.6988151868184405,5.619202613830566,-7.086569945017497,7.343371232350667,8.725133826335272,-0.9816431005795797,12.327522118886312,-0.2764827211697896,15.871824582417807,18.46528975168864,6.731842994689941,25.374855041503906,-1.745500698685646,18.313475290934246,-5.044618288675944,26.95284589131673,13.680273373921713,27.211825688680012,9.595687866210938,26.3701171875,27.455100377400715,1.0987870295842488,-0.0971148411432902,0.8696240782737732,0.24879015733798346
1976,-1.0565773646036785,-1.3140008449554443,-13.230772654215494,-11.732202728589376,-10.151472091674805,-10.47038491566976,-14.443734327952066,-6.624622186024983,-11.578684171040853,-0.9948983738819758,-10.594104488690695,-2.5854996840159097,-12.391096750895182,-4.576728790998459,-11.729855219523111,-4.89666748046875,-4.967845360438029,-7.097408453623454,-9.323743979136148,-14.107480446497599,-6.021505316098531,-3.0722016096115112,-1.2674018343289692,-0.5924276113510132,-11.817557255427042,0.8925335804621378,-0.4976447621981303,-8.450718919436136,8.226773103078207,12.949596722920736,-4.4430131912231445,17.93368975321452,-2.9302251686652503,22.657686233520508,26.186339060465496,10.372289657592773,24.935536702473957,-3.578496972719828,16.899398803710938,-3.903611103693644,22.872615178426106,13.989531834920248,28.094539642333984,11.74624220530192,22.02452341715495,29.228129069010418,0.08354153235753377,-1.6757281223932903,-0.09549528360366821,-0.6229406793912252
1977,0.7525571386019388,2.4622852007548013,0.5691245396931967,2.443456838528315,-0.26974116762479144,0.07611149549484253,-0.8243292172749838,-5.277513821919759,-0.3430803008377552,-0.4055931270122528,-0.4452735185623169,-3.0637409687042236,-1.5013612906138103,-3.0461206436157227,-2.5930143197377524,-3.7715813318888345,0.5694178144137064,-1.6590006550153096,-2.7011032501856485,-0.43494686484336853,-1.5438913901646931,0.39055760701497394,2.434192339579264,4.034082015355428,1.746763785680135,5.634865343570709,5.075270086526871,4.239656110604604,4.923070351282756,-9.889781832695007,-3.50741974512736,-8.069487889607748,-1.2157574892044067,-5.253882129987081,-2.3886516094207764,2.210747162501017,2.599941889444987,-4.269871711730957,0.40872859954833984,-8.57068157196045,6.016302744547526,0.1866614023844401,4.350306153297424,0.9584045012791952,7.635629415512085,4.224881450335185,-2.3877977480491004,-1.808092733224233,-2.4950236876805625,-2.4540749986966452
1978,0.7939084569613138,0.025100111961364746,-5.700461546579997,-2.5755039850870767,-3.4107733567555747,-2.7069501082102456,-7.323944926261902,-8.640466372172037,-2.4479424158732095,-1.5590051015218098,-4.0251553654670715,-6.289834658304851,-2.3956990242004395,0.765779972076416,-2.026342789332072,1.4845506350199382,0.981935719648997,-0.09230526288350423,-0.9667688608169556,-6.464430431524913,0.6116503477096558,2.1091933250427246,3.0850363969802856,3.3772590160369873,-3.5509883960088096,9.522478103637695,3.1684701442718506,-0.34551819165547687,4.768229881922404,5.125633478164673,-2.108076294263204,9.830122828483582,-0.5069985389709473,13.77591577094669,15.92200924952825,5.0158437093098955,20.49823808670044,-2.926287571589152,12.292431513468424,-8.38327693939209,17.050589362780254,10.356084823608398,20.632298628489178,8.027335484822592,18.153144359588623,18.878517866134644,-2.5777466421326003,-0.6585355599721273,-1.9925799916187923,-1.3167767922083538
1979,2.1122194727261863,1.7454547087351482,2.6082104047139487,4.7601650555928545,-0.15855852762858072,0.9219267765680949,1.1506771395603816,-8.54413890838623,1.6287161509195964,0.7291203737258911,-1.4090181986490886,-4.9283069769541425,2.4782309532165527,-4.70949657758077,4.112768173217773,-4.079042971134186,3.7077081203460693,-1.8622830311457317,6.517884095509847,1.241322656472524,8.951825737953186,10.430047353108725,10.522615591684977,9.45038096110026,2.8937700192133584,15.287150700887045,7.877600034077962,5.049991389115651,4.64689040184021,-5.21855902671814,-6.978433708349864,-0.944580559929212,-4.84259260756274,3.446265975634257,7.0107528368632,4.777232487996419,8.160748163859049,-6.9843517144521075,3.6077348589897156,-6.198979556560516,9.511759281158447,2.7912528005739055,10.625611941019693,3.274479786554972,9.715092023213705,11.038990338643393,-5.470637540022532,-5.217823247114818,-5.692330300807953,-5.655733784039815
1980,-2.4975202679634094,1.230501264333725,-10.129089991251627,-7.73240343729655,-10.411711057027182,-9.164817492167154,-12.048343340555826,-11.509589513142904,-8.280991077423096,-7.609201272328694,-11.783091227213541,-10.433361530303955,-7.384415626525879,-10.540073076883951,-5.911175012588501,-10.0681521097819,3.1162052551905313,-9.63145669301351,-3.4741103649139404,-12.494851430257162,-0.20870796839396158,3.1611364682515464,5.713948647181193,6.789401511351268,-11.099112828572592,4.731836477915446,6.5111848910649615,-8.606991291046143,5.001255492369334,1.8439567883809407,-4.427464485168457,5.97892689704895,-1.9884908199310303,10.007907231648764,13.07601828376452,12.471694946289062,18.320266087849934,-5.176483551661174,19.437891960144043,-6.473790009816487,24.839616139729817,17.004957516988117,21.51331329345703,14.704073588053385,24.390817006429035,22.90171241760254,-3.3932533661524453,-2.020570397377014,-3.0576148430506387,-2.5541981856028237
1981,0.006519595781962077,0.02176531155904134,-16.705495834350586,-14.205886205037435,-15.265714963277182,-14.66345183054606,-19.034863154093426,-10.580353101094564,-14.419938405354818,-5.18398380279541,-16.55837885538737,-8.644758542378744,-13.567966143290201,-7.251670956611633,-11.350270748138428,-6.339237928390503,-0.08829439183076222,-10.586492220560709,-7.932614962259929,-19.9706449508667,-4.368973970413208,-1.732917606830597,-0.5131454865137736,-0.49354108174641925,-18.841407775878906,5.23358686765035,-0.8765648206075033,-16.19802697499593,12.270164807637533,12.47847572962443,-2.58940323193868,17.464295387268066,-1.9205968578656514,21.934546788533527,24.7511723836263,14.137004534403482,28.74373499552409,-3.250951131184896,13.702451388041178,-6.872074325879415,21.99007288614909,12.86837069193522,29.497643788655598,13.236414591471354,24.136446634928387,27.57646942138672,-1.9052804708480835,-2.142915224035581,-2.381345589955648,-2.5646713177363076
1982,0.40313299496968585,3.2127261956532798,2.2605924208958945,4.362840096155803,-4.349870681762695,-3.2183671494325004,0.15341583887736002,-7.504341920216878,-1.8089182376861572,-2.4930953979492188,-5.375103791554769,-4.5222376982371015,-0.1746147871017456,-9.724686940511068,1.2333206534385681,-9.659811973571777,5.284413496653239,-8.59572172164917,1.876658096909523,-1.3726189931233723,1.5759355624516804,0.8418142795562744,0.26904354989528656,0.3639045109351476,-2.051281690597534,6.048332293828328,1.156309684117635,-2.2028391361236572,8.296249707539877,6.128902494907379,-5.128090262413025,10.46267565091451,-2.7105067571004233,14.280627926190695,16.46499188741048,0.760201076666514,22.02794615427653,-5.287556449572246,0.9554864565531412,-7.337859710057576,11.906006415685018,-0.621165911356608,21.06748898824056,-0.5761071046193441,15.279977599779764,17.696730613708496,-2.9518386920293174,-2.4972556034723916,-2.8480282028516135,-2.7843586206436157
1983,1.7283654808998108,0.777430405219396,-11.610445340474447,-9.421761671702066,-10.07270876566569,-8.778393189112345,-12.819058736165365,-9.345678488413492,-7.985485871632894,-2.735903739929199,-11.457957903544107,-7.989055156707764,-7.418286959330241,-9.29787007967631,-6.437553326288859,-7.156198839346568,-0.00917738676071167,-7.392858266830444,-4.522644122441609,-12.251787503560385,-1.7165300846099854,1.1577029625574748,3.0012334187825522,3.215570052464803,-10.088848749796549,5.79476269086202,2.0405544439951577,-7.515651106834412,7.417238712310791,9.942341168721518,-3.286633054415385,13.594230651855469,-3.333435575167338,16.81827677289645,19.016371250152588,10.20114262898763,21.98802121480306,-4.218859712282817,23.779157956441242,-6.814507484436035,30.175814628601074,18.701932907104492,25.796100934346516,13.906632582346598,27.48654270172119,28.69220479329427,-3.840674936771393,-3.4770365556081138,-3.886342724164327,-3.7561645110448203
1984,1.8643940091133118,4.395603656768799,-14.251914819081625,-12.241278807322184,-15.545626958211264,-15.271060307820639,-14.443078200022379,-10.819612185160318,-13.467217286427816,-3.4330053329467773,-14.556053479512533,-8.45966879526774,-10.669026772181192,-11.540520985921225,-7.94019690187027,-10.310701688130697,4.781221946080525,-13.236812591552734,-6.179108028610547,-12.79165506362915,-5.538272738456726,-5.468565622965495,-5.366195201873779,-5.055512189865112,-10.009090185165405,4.7246449788411455,-4.752222756544749,-7.128069085379441,7.9174723625183105,14.951677004496256,-2.040711065133413,19.158336003621418,-1.325187901655833,22.95269775390625,25.472702662150066,9.377463340759277,27.865563074747723,-1.5529785056908925,21.859027862548828,-8.128819624582926,29.552449544270832,17.361708799997967,30.798000971476238,13.054519335428873,28.47676722208659,31.95587412516276,-1.20567790667216,-1.1068718632062275,-1.3064458444714546,-1.1796140853936474
1985,3.405388514200846,1.195044716199239,1.1951843897501628,3.1652587254842124,-1.4253065958619118,-0.7306469778219858,-0.43655165036519367,-8.476728439331055,-0.026021172602971394,-0.6900405883789062,-1.8224003314971924,-5.290415128072103,0.41580863793691,-1.3537685871124268,0.34566624959309894,-0.7615658044815063,2.8234901626904807,-2.008854627609253,-0.12233010927836101,-1.112410068511963,-0.356348196665446,0.1895300547281901,1.5636938412984211,3.007436434427897,-0.8667091528574625,4.975918451944987,3.4429279963175454,-0.4847531318664551,8.616806030273438,-3.259768486022949,-5.927411079406738,1.2606399059295654,-1.9862361152966816,5.851617177327474,9.629427989323935,6.911705215771993,15.70486299196879,-7.16985019048055,11.411529858907064,-4.864030043284099,23.414807955423992,8.257920742034912,19.744905710220337,6.768503506978353,24.591867446899414,21.546030044555664,-5.672105646381776,-3.2174050211906433,-5.870983282725017,-4.886849641799927
1986,1.294006109237671,3.9920145670572915,-3.2661948998769126,-1.517735481262207,-7.4421124656995135,-6.416643699010213,-3.7824902534484863,-10.319634755452475,-5.264884054660797,-1.7868858973185222,-7.432697931925456,-9.342727661132812,-4.729429205258687,-9.990786711374918,-4.7837051550547285,-10.06159241994222,3.3564855257670083,-9.428281545639038,-4.984413067499797,-2.2557664712270102,-4.721051613489787,-3.7659502824147544,-2.4425387481848397,-1.2556172211964924,0.9094078540802002,5.529480616251628,-0.30988645553588867,4.273220419883728,5.148398955663045,-8.054091453552246,-4.0253738562266035,-3.201385498046875,-1.3322374025980632,1.7518202463785808,5.7484116951624555,10.475764592488607,12.220603148142496,-3.7941093842188516,3.0235076546669006,-4.947225729624431,13.887991746266684,3.02285960316658,14.275048812230429,5.768573760986328,16.347153663635254,13.909324010213217,-3.720761855443319,-1.4316614071528118,-2.9639602303504944,-2.034859220186869
1987,-1.4984625180562336,2.3732460935910544,1.998254934946696,4.703524351119995,-0.02492026487986247,1.5221153895060222,-1.031504233678182,-8.259310086568197,2.421419302622477,1.2334290345509846,-2.156918525695801,-6.347452004750569,3.2588756879170737,-8.201149940490723,4.558022220929463,-6.910652319590251,2.652801682551702,-3.166409492492676,6.3909337520599365,-3.388638665278753,8.193589448928833,9.187766393025717,9.131330649058023,8.371603727340698,-4.442532499631246,8.077015360196432,7.666137258211772,-4.562921365102132,1.846655814598004,0.6962308088938395,-5.956740379333496,5.433468421300252,-3.0891427993774414,9.721370220184326,12.806891520818075,4.979222774505615,15.98802638053894,-7.665524164835612,12.76870083808899,-8.868118286132812,22.29961903889974,8.879359006881714,19.306642691294353,6.1795438925425215,21.929752349853516,21.029497146606445,-7.240588347117106,-4.3125819365183515,-7.235520998636882,-6.043100039164226
1988,-0.15078415473302206,0.502757747968038,-2.3202886978785195,-0.43937069177627563,-4.229881127675374,-3.0846409797668457,-2.8654956420262656,-11.015658696492514,-1.7908207575480144,1.2971737384796143,-4.71246353785197,-7.886982599894206,-0.5620872179667155,-9.36438790957133,0.6018904050191244,-9.495575229326883,0.9862502415974935,-6.614845911661784,1.5860217412312825,-1.3679070274035137,2.1885127226511636,2.292870839436849,2.028765767812729,1.6655305624008179,1.5864862600962322,7.4001452922821045,1.43262775739034,4.297562797864278,6.291497349739075,-3.6347761700550714,-4.263812224070231,-0.6149150530497233,-1.581776703397433,2.688932776451111,5.360801617304484,11.824971199035645,13.308180173238119,-5.345577955245972,15.373326619466146,-5.994723796844482,20.970325152079266,13.95739714304606,15.735432306925455,12.903376579284668,21.775950749715168,16.16930357615153,-3.773536801338196,-1.7179187536239624,-3.182026187578837,-2.3922610382239022
1989,0.3374665379524231,-1.5590036710103352,-12.899917284647623,-9.832683563232422,-14.265691439310709,-13.488590558369955,-15.062995274861654,-9.302391529083252,-12.325313250223795,2.454617142677307,-14.482259114583334,-6.048135598500569,-10.932965278625488,-10.828767617543539,-9.417240142822266,-10.723343054453531,-3.722062611952424,-13.438694636027018,-7.724801858266194,-15.459678332010904,-5.6627176602681475,-3.1347108681996665,-0.495039701461792,1.6199020346005757,-13.99336020151774,7.616846879323323,2.661017894744873,-11.746103922526041,3.799360434214274,19.805373509724934,-2.912350138028463,23.63401921590169,-1.7910086115201314,26.880657196044922,28.736542383829754,12.678677876790365,32.42970085144043,-3.023622751235962,18.10497538248698,-5.849168578783671,27.606133143107098,15.39084498087565,34.330851236979164,13.641796112060547,29.012733459472656,33.81678454081217,-2.3985877434412637,-1.611389398574829,-2.1623419523239136,-1.890257755915324
1990,-0.1336909532546997,0.28202911218007404,2.027926961580912,4.656159162521362,-1.747409184773763,-0.22072505950927734,0.3728901545206706,-6.316556294759114,1.3262027899424236,3.069754113753637,-2.579952875773112,-4.112693111101787,2.3479093511899314,-10.129541476567587,2.786797364552816,-10.412410338719686,-2.1449172496795654,-5.735792795817058,2.944627285003662,0.1554851531982422,3.1327826182047525,3.5185704231262207,3.9000560442606607,4.084807649254799,0.6237743695576986,8.79413652420044,3.952929603556792,0.4094983736673991,1.0244149764378865,17.24913724263509,-4.166714747746785,17.045708974202473,-1.2707423170407612,15.932782649993896,13.666521867116293,12.501153707504272,21.380414684613545,-5.011584202448527,17.496960322062176,-11.404281934102377,23.887344678243,15.103005091349283,20.444695472717285,13.389402548472086,24.150757153828938,18.794914086659748,-3.0655574401219687,-1.6721116403738658,-3.412228524684906,-2.7759605646133423
1991,1.1056700944900513,2.322257399559021,-7.076325416564941,-5.869184205929439,-9.678889274597168,-9.867987314860025,-7.54328457514445,-8.205204804738363,-9.336735328038534,0.6722116271654764,-8.62737782796224,-5.954282919565837,-8.266228993733725,-6.881176238258679,-7.080766022205353,-6.853769938151042,0.5793435970942179,-9.470692952473959,-5.9856966733932495,-6.477077802022298,-4.872501611709595,-3.4362028439839682,-1.6753875017166138,-0.1353241205215454,-3.8755086263020835,9.740600426991781,0.41996018091837567,-0.8145000139872233,4.475840985774994,4.355204264322917,-5.27531361579895,8.322679479916891,-1.7727298488219578,12.668927192687988,16.531782786051433,15.27330462137858,23.670990626017254,-5.780455907185872,22.36442693074544,-12.592666625976562,31.985188802083332,18.575048446655273,28.443546295166016,16.11751874287923,31.464943567911785,31.1732660929362,-3.394169807434082,-1.8870580196380615,-3.215390761693319,-2.64455517133077
1992,0.8190538336833318,-2.0652246475219727,-11.190249919891357,-7.360802253087361,-8.00649787982305,-5.610204855600993,-14.809049606323242,-8.510536193847656,-3.9427359898885093,-0.07076048851013184,-10.608657042185465,-6.538039048512776,-2.707578500111898,-3.9706976413726807,-1.4642688035964966,-2.6983392387628555,-2.1206117471059165,-4.223025679588318,-0.22979954754312834,-16.454286257425945,0.5459543863932291,0.8173754848539829,0.8230013052622477,1.091201623280843,-14.845481872558594,8.794370094935099,1.936446984608968,-10.706159273783365,1.5055524905522664,8.564474046230316,-5.32520134250323,14.131491978963217,-5.030434608459473,19.87254746754964,24.775053024291992,13.442670027414957,28.45684051513672,-5.7016745408376055,17.75869337717692,-6.886888047059377,27.88254674275716,14.931883811950684,32.83406448364258,13.530649820963541,28.337738672892254,34.407955169677734,-3.6453177332878113,-4.7733049392700195,-3.995322366555532,-4.503863135973613
1993,0.6012866298357645,-4.035791556040446,-9.743110736211142,-7.169123868147532,-7.8647410074869795,-6.473654429117839,-11.579224268595377,-10.088004430135092,-5.744837085405986,0.13794638651112714,-8.882333278656006,-9.512649854024252,-5.936420043309529,-8.387815395991007,-6.536746978759766,-8.669235616922379,-4.790299733479817,-7.240153034528096,-6.67912479241689,-11.439436276753744,-5.716229349374771,-3.6060678362846375,-0.9043538570404053,1.517180601755778,-9.27221393585205,6.270928382873535,3.0669564406077066,-6.391780535380046,7.59754075606664,11.80457099278768,-2.2529981633027396,14.636191368103027,-0.6849542061487833,18.207421620686848,21.653920491536457,16.761144002278645,23.461983998616535,-3.2210803429285684,21.909671783447266,-5.962399005889893,26.347475051879883,19.74213218688965,27.489838282267254,18.073662439982098,24.9469420115153,29.743010838826496,-1.2826185921827953,-0.6370896597703298,-1.166439672311147,-0.9633531421422958
1994,2.3194918632507324,1.8936383823553722,-6.9894053141276045,-4.139107386271159,-12.404287894566854,-10.587678670883179,-8.917635917663574,-9.036025365193685,-8.7454195022583,-0.6063054402669271,-13.340816160043081,-8.08049456278483,-7.586692174275716,-14.791031201680502,-7.15804656346639,-15.064702033996582,2.4122331142425537,-14.821223258972168,-6.999690532684326,-8.995521863301596,-6.49630069732666,-5.175442695617676,-3.186419645945231,-1.144750754038493,-7.585057258605957,11.715559323628744,0.3347691098848979,-6.148619492848714,8.044840017954508,1.8389971256256104,-1.5225043495496113,6.098018159468968,1.8389880259831746,10.61663262049357,14.188876152038574,6.583144664764404,27.269039154052734,-1.6112514734268188,9.840007702509562,-8.832238992055258,24.3183650970459,7.121796528498332,28.919340133666992,6.184302218258381,28.00122006734212,27.667518615722656,-1.1110719442367554,1.6986121733983357,-0.58721395333608,0.5272902299960455
1995,1.71820064385732,0.23111184438069662,-8.122629642486572,-4.942888100941976,-10.988725662231445,-9.114908218383789,-10.353798230489096,-8.994153022766113,-7.231313546498616,-3.365274707476298,-12.077597935994467,-8.674903392791748,-5.97534195582072,-14.981537818908691,-5.339114586512248,-14.516815185546875,-0.3131728370984395,-12.604805946350098,-4.746996164321899,-10.6970583597819,-3.588332255681356,-1.7619771361351013,0.30719558397928876,1.8685886313517888,-9.66616408030192,5.741388281186421,2.4933963865041733,-8.819578170776367,5.225856860478719,13.465387026468912,-2.814061919848124,16.010754267374676,-0.708994115392367,17.809548060099285,18.0257781346639,6.893309662739436,26.38319714864095,-3.163630406061808,14.27427371342977,-8.53801695505778,21.51067002614339,11.727835575739542,25.300474802652996,9.25296445687612,23.572977701822918,22.57075595855713,-2.5321710109710693,-1.2151942352453868,-2.8529226779937744,-2.341906726360321
1996,3.731546074151993,4.1751565138498945,-0.5519560178120931,-1.6055272022883098,-3.4639899083413184,-4.901225176639855,2.1414567629496255,-7.910367965698242,-5.062578151623408,-0.29972104107340175,-0.5130697091420492,-7.112914085388184,-4.370742440223694,-1.3238014181454976,-3.254014174143473,-2.769658108552297,2.7244660059611,-4.707330048084259,-1.8321056365966797,6.004837989807129,-0.09341231981913249,2.021123170852661,4.15773727496465,5.631340727210045,9.731385707855225,9.389789263407389,5.768254009385903,11.642704168955484,7.664313157399495,-0.16785311698913574,-2.4269111156463623,4.074167052904765,-1.360920508702596,8.38910969098409,12.209134101867676,4.46415360768636,11.171700557072958,-2.4664169549942017,8.36342223485311,-9.235556443532309,16.264204025268555,5.260283788045247,15.766387462615967,3.8718203604221344,14.811519781748453,18.8570073445638,-3.223648468653361,-1.0401185353597004,-2.516909122467041,-1.6217955748240154
1997,3.2580027977625527,2.4889978170394897,1.3008171717325847,4.026985168457031,0.20275179545084634,1.567381223042806,-0.9858742356300354,-8.148237705230713,2.089207649230957,-0.7075264851252238,-0.797626256942749,-6.361295700073242,1.1046409606933594,0.28780349095662433,-1.0271785457928975,0.7026777267456055,0.22178335984547934,0.5989365577697754,-2.9927122394243875,-1.6154975990454357,-3.581471045811971,-2.5259056091308594,-0.7569927076498667,0.4401255051294963,-0.6651163895924886,11.3819793065389,0.3111862043539683,0.5665867328643799,7.266526858011882,5.4037543932596845,-4.985491911570231,8.441605965296427,-4.358352422714233,11.31736176709334,13.280858675638834,9.636572360992432,17.83107630411784,-5.208620309829712,8.112107753753662,-12.776461601257324,14.97035527229309,7.192018801967303,18.81053098042806,7.752686897913615,16.238396485646565,17.968401432037354,-4.402541796366374,-4.492972532908122,-5.35183588663737,-5.220812638600667
1998,1.361909528573354,5.397158147146304,-2.996068259080251,-0.27859965960184735,-3.3170486291249595,-2.3384809494018555,-4.492090264956157,-6.438873926798503,-0.8099342981974283,3.4635880390803018,-3.551362991333008,-4.8849756717681885,0.664794921875,-2.0633885860443115,1.438301920890808,-1.7055685718854268,4.437379360198975,-2.746858055392901,1.540754626194636,-4.578910271326701,1.6463562647501628,2.5049027800559998,4.270629386107127,6.395807504653931,-3.7624748746554055,8.28302272160848,7.9934306144714355,-2.9842035323381424,4.530497868855794,10.068640311559042,-6.9506198565165205,13.114598433176676,-4.892174402872722,15.90186627705892,17.57452122370402,8.007184505462646,22.65341345469157,-7.73297913869222,8.106922149658203,-11.688669840494791,16.997830390930176,7.282670736312866,23.825164477030437,7.510198752085368,19.653740564982098,22.567266782124836,-6.784744421641032,-5.237445831298828,-6.325630982716878,-5.838237126668294
1999,0.5597343444824219,0.8251322110493978,-13.009661356608072,-9.875385204950968,-13.910529454549154,-13.58501704533895,-14.332303047180176,-6.5370737711588545,-11.641050020853678,-0.4087737997372945,-13.270918528238932,-4.987955888112386,-8.174925645192465,-14.002497355143229,-4.264974554379781,-12.913249015808105,2.5797192255655923,-12.981691837310791,-1.305697758992513,-13.973307450612387,-0.12045749028523763,-0.3045363624890645,-1.099618524312973,-1.9138280302286148,-12.60835369427999,6.6639706293741865,-2.565350373586019,-11.247125744819641,10.05129337310791,17.162234942118328,-3.213059107462565,18.52102788289388,-2.0934655517339706,19.95810317993164,20.975913365681965,10.404962221781412,32.70571645100912,-2.6413600842158,17.930269559224445,-11.226549784342447,30.86041768391927,14.2541135152181,34.89970906575521,11.820409456888834,32.71553866068522,34.843466440836586,-1.7427981694539387,-0.9352026780446371,-1.6956027348836262,-1.0545456409454346
2000,-0.5997334321339926,1.6661690026521683,-13.988245964050293,-11.76676877339681,-14.32294495900472,-12.92082405090332,-15.454571723937988,-7.394863446553548,-11.050858815511068,-0.4979624350865682,-14.769184430440268,-5.658792018890381,-9.317425727844238,-12.382655901213488,-8.129826386769613,-12.609558900197348,2.33732537428538,-13.896222750345865,-7.311673005421956,-15.384849230448404,-6.285617669423421,-4.422733743985494,-1.938357263803482,0.25496093432108563,-13.688314119974772,7.402190685272217,1.3289133111635845,-11.224847793579102,5.460330009460449,13.69759734471639,-5.7904731432596845,16.31950545310974,-3.9829819997151694,19.063186168670654,21.21907329559326,13.021393299102783,28.939321835835774,-6.4654552936553955,15.654547850290934,-9.267532030741373,27.439371744791668,13.11707878112793,32.118927637736,12.403580824534098,28.735013326009113,32.79991086324056,-4.569325089454651,-3.960014263788859,-4.774100104967753,-4.489274819691976
2001,2.041021148363749,1.4140209356943767,3.8495070139567056,4.759625593821208,1.7371643284956615,1.183938463528951,3.856856048107147,-7.405492305755615,1.114523192246755,0.046324710051218666,3.101571480433146,-5.36084000269572,1.0847191214561462,-4.449823458989461,0.9013574719429016,-5.654091914494832,1.087710936864217,-2.1927242279052734,0.7242016792297363,5.153919458389282,1.0565369476874669,2.17621503273646,3.9768600861231485,5.968822628259659,7.242910861968994,8.332562446594238,7.412774244944255,8.899349888165792,5.877500851949056,-8.081870873769125,-5.170392354329427,-6.41730523109436,-2.1703344583511353,-3.279642105102539,0.46428553263346356,1.1686381101608276,7.4915666580200195,-5.131731033325195,0.6093889872233073,-16.025188128153484,9.764902432759603,-0.8088067372639974,11.511137962341309,-0.5446648597717285,11.327679795523485,13.690148095289866,-4.140445868174235,-2.484786033630371,-4.369746208190918,-3.582707722981771
2002,-0.2210333546002706,2.529891014099121,-2.3375465869903564,1.0059507687886555,-4.225869099299113,-1.4488927635053794,-5.336716866741578,-7.856893539428711,0.7884424527486166,-0.2930355171362559,-6.886437177658081,-5.733380317687988,2.206523895263672,-5.85306962331136,3.008087635040283,-4.504321416219075,0.21356313427289328,-4.753697554270427,3.434983412424723,-7.001735846201579,3.681089401245117,3.9209908644358316,4.269772450129191,4.871935884157817,-7.107632319132487,10.138788541158041,5.642386506001155,-6.4542728662490845,4.93476128578186,-0.7357436815897623,-3.680967410405477,1.2621512810389202,-2.2365350325902305,3.601760427157084,5.697103261947632,6.601566473642985,13.948387761910757,-4.750501712163289,13.557050069173178,-5.677163183689117,23.11747678120931,10.075647036234537,16.926442623138428,7.756722768147786,22.781710942586262,18.48756504058838,-4.66230042775472,-2.619443337122599,-4.179328600565593,-3.3855154514312744
2003,3.604432851076126,1.733510782321294,-2.565970261891683,-1.326296329498291,-3.07791535059611,-3.5793652534484863,-3.109140078226725,-8.361610094706217,-3.7615137100219727,-2.434205631415049,-2.2554465929667153,-6.904247442881267,-3.706044832865397,-7.089151620864868,-3.4314939975738525,-7.768711884816487,-3.0976865688959756,-5.256888786951701,-2.766728083292643,-2.308724562327067,-1.498961369196574,0.38865915934244794,2.554468512535095,4.477379123369853,-0.319058100382487,10.334685325622559,5.795133590698242,1.7068339188893635,3.477802356084188,2.4136897921562195,-6.683923403422038,7.067248543103536,-4.12522570292155,11.60174004236857,15.147600809733072,4.829530715942383,21.09572410583496,-6.764686743418376,13.667455832163492,-10.11076815923055,23.474803924560547,9.662325223286947,24.41644223531087,6.656636555989583,23.292033513387043,25.65645917256673,-4.822911103566487,-4.064802090326945,-4.795056025187175,-4.500027100245158
2004,3.2422984143098197,2.8971656560897827,-3.2470519145329795,-1.5832206010818481,-3.7239721616109214,-2.4612417221069336,-4.987744887669881,-9.047685941060385,-1.4364466071128845,-3.358427047729492,-5.407824675242106,-7.651066621144612,-0.39145533243815106,-11.040587425231934,0.7487632433573405,-8.722303549448648,0.7103941639264425,-4.752110958099365,1.861310323079427,-6.315486987431844,2.981509526570638,4.384108543395996,6.348071565230687,8.853650013605753,-6.657464504241943,4.996007601420085,11.281328678131104,-6.007581830024719,7.7904121081034345,5.021576086680095,-7.47985561688741,7.687702576319377,-4.219316879908244,10.119498014450073,11.463533560434977,10.654096523920694,15.617070515950521,-8.113510767618815,8.139544526735941,-10.398920377095541,12.846858978271484,8.728857517242432,16.66950035095215,9.930118719736734,14.43579133351644,15.511385281880697,-6.202069441477458,-4.653775135676066,-6.3746945063273115,-5.7585874398549395
2005,0.0008542736371358236,2.9998767375946045,-17.793468793233234,-16.94054063161214,-11.917084376017252,-12.29135243097941,-18.64435068766276,-8.098853270212809,-12.8748459815979,-1.6909756859143574,-12.786228815714518,-6.295549670855205,-12.32021951675415,-10.340049743652344,-10.164919217427572,-8.959470272064209,0.5158682664235433,-8.166109879811605,-6.9954343636830645,-19.115453720092773,-3.6870564023653665,-0.7656754851341248,1.5514623920122783,3.121062397956848,-18.237613042195637,7.3932063182195025,3.6421915094057717,-15.613129615783691,7.474852722759048,9.129963241517544,-4.537285457054774,11.618867635726929,-2.4518350660800934,15.095918496449789,18.759917894999187,6.647189458211263,22.69761848449707,-5.6555719176928205,14.636597792307535,-9.150760014851889,24.072705268859863,10.775295893351236,27.82892386118571,8.011641502380371,23.3922856648763,30.583805084228516,-4.275849103927612,-3.862538378685713,-4.988821625709534,-4.954117725292842
2006,1.4542460044225056,0.14917981624603271,-9.01412550608317,-6.859643856684367,-8.200951735178629,-8.230136553446451,-11.14949893951416,-8.898241837819418,-8.051284313201904,-2.8013574679692588,-8.555712540944418,-7.060850143432617,-7.067950407663981,-7.637042840321858,-5.4646049340566,-6.402602036794026,-2.8346728483835855,-6.756862799326579,-3.829407791296641,-12.394057909647623,-2.622317592302958,-1.5702470938364665,-0.11269323031107585,1.8564324031273525,-11.845158259073893,4.769871234893799,3.838289976119995,-9.350270907084147,9.986263593037924,7.125665585199992,-4.0489817063013716,11.781313419342041,-2.5629839102427163,16.089466094970703,19.434598286946613,10.371251900990805,20.969751358032227,-4.769678831100464,13.171075304349264,-2.689803878466288,20.086113293965656,11.410937229792276,24.253215154012043,10.572667678197226,20.39460213979085,25.307573954264324,-4.6479166348775225,-2.9704739650090537,-4.761404355367024,-4.056773821512858
2007,3.7315905491511026,4.559602340062459,-9.388358116149902,-6.44404149055481,-10.694076697031656,-8.883547147115072,-10.434117794036865,-7.498402913411458,-6.14059575398763,-2.3879153480132422,-11.141925811767578,-5.228453636169434,-3.304072300593058,-13.003199418385824,-1.106514533360799,-11.229084332784018,-0.21196804443995157,-9.888591766357422,0.14285663763682047,-9.516103267669678,0.7280482252438863,1.428646594285965,2.8143099546432495,4.812496016422908,-7.391302188237508,11.113677501678467,6.789575355748336,-5.42736221353213,7.321897029876709,1.1096202532450359,-5.255107005437215,4.344523191452026,-3.195382912953695,7.942820310592651,11.021513859430948,9.533686260382334,18.06444263458252,-5.740856409072876,10.543213049570719,-6.76046605904897,21.081761678059895,8.762922922770182,21.449063301086426,8.615716298421225,22.83913739522298,22.2695468266805,-3.6419478257497153,-3.7292685508728027,-4.437868118286133,-4.458932638168335
2008,3.924216906229655,3.2835187911987305,-4.11532195409139,-3.0595175425211587,-3.982356071472168,-4.214091618855794,-5.689250369866689,-7.987338860829671,-5.58975076675415,1.1563249230384827,-5.063941876093547,-5.713882287343343,-7.1212217435240746,-9.534949779510498,-7.770010789235433,-7.903475244839986,1.716561367114385,-4.921636025110881,-7.151601552963257,-6.822726885477702,-5.384734312693278,-3.0655919766674438,-0.9021969437599182,0.676982561747233,-6.813324848810832,3.5199203491210938,1.5675434841153522,-5.874824086825053,8.18411143620809,4.335516452789307,-0.8145927886168162,9.835396448771158,-0.6662218819061915,16.204503059387207,22.13988494873047,12.216067632039389,27.43345769246419,-1.8787497480710347,16.466252009073894,-7.406252543131511,26.08369255065918,14.444534301757812,32.76502291361491,13.222782135009766,27.733111063639324,35.074490229288735,-3.478208621342977,-0.7315213282903036,-3.0637712876001992,-1.921188112348318
2009,-1.5108036994934082,2.358487367630005,-8.944742520650228,-7.750935316085815,-8.85310697555542,-8.179225285847982,-8.229614655176798,-10.898564338684082,-6.721526304880778,-2.42396342754364,-8.242939790089926,-6.625360488891602,-5.220788955688477,-10.275403340657553,-4.3470572630564375,-10.114849090576172,0.5356257259845734,-8.563120047251383,-4.446532249450684,-5.564205567042033,-5.049840887387593,-5.055890599886577,-3.756033589442571,-1.5063258012135823,-1.8521859645843506,3.5527085860570273,0.6441704432169596,1.3955500920613606,5.240183393160502,4.264641910791397,-2.3835012912750244,8.128511687119802,-0.09569531679153442,12.781906922658285,17.087905565897625,13.812597115834555,25.354312896728516,-2.178051233291626,13.614704132080078,-4.760570208231608,22.79395802815755,12.955000718434652,29.048256556193035,13.369005680084229,25.34403419494629,29.35289700826009,-1.9035538236300151,0.3066260814666748,-1.4659435351689656,-0.4936720132827759
2010,-2.1369947592417398,3.99325958887736,3.5550669034322104,6.199689696232478,6.9190778359770775,8.845751225948334,1.6673640807469685,-8.778560161590576,10.050146142641703,-2.8218555053075156,4.935324827829997,-7.218539714813232,10.615920305252075,5.349868694941203,11.126028696695963,5.6161909103393555,5.443256139755249,8.067311962445578,12.133957227071127,1.242347240447998,13.772029876708984,15.481484413146973,16.505191167195637,16.196998596191406,1.9438107808430989,8.60456895828247,14.491923967997232,2.5645487854878106,4.661589781443278,-8.747407595316568,-9.080679734547934,-5.0928484698136645,-6.380835851033528,-1.064808964729309,2.3127097288767495,3.8947184880574546,5.63999072710673,-10.15615177154541,-3.4131001631418862,-7.571760813395183,0.9292033116022745,-1.4305951992670696,6.895741621653239,1.443824052810669,3.753803720076879,5.977650165557861,-10.366122245788574,-7.059034983317058,-9.709076881408691,-8.374175389607748
2011,2.355139891306559,2.7499492168426514,-2.6989333430926004,-1.1837994083762169,-0.9909738500912985,-0.19653700788815817,-3.512731353441874,-7.726010799407959,0.06943506995836894,-4.666315078735352,-1.9699399222930272,-5.81498654683431,0.20357241233189902,0.4919795921693246,0.652877022822698,0.3796084026495616,3.097199817498525,0.9841529925664266,1.576722264289856,-3.114931265513102,3.0794885953267417,5.173749605814616,7.850387414296468,10.940163294474283,-1.6129830280939739,1.3875309626261394,13.833861668904623,-0.025546471277872723,7.898123820622762,5.993691762288411,-7.794284502665202,9.594478170077005,-5.752892176310222,12.76225741704305,14.693759600321451,0.6132419109344482,17.829902172088623,-8.282947222391764,3.7578722635904946,-7.293049176534017,9.325821797053019,2.7009326616923013,18.540879885355633,1.7257767120997112,11.58035167058309,17.38093328475952,-5.608507712682088,-5.878179868062337,-6.052462736765544,-6.261813481648763
2012,2.0431772073109946,5.147828022638957,-14.761025746663412,-11.974178314208984,-15.408346176147461,-13.80053679148356,-16.376878420511883,-5.799417893091838,-11.907478014628092,-1.8956926663716633,-16.6456241607666,-3.593822161356608,-9.540141582489014,-18.34695561726888,-6.8422462940216064,-16.593234062194824,1.2579392790794373,-15.15993563334147,-4.440587321917216,-16.40856393178304,-2.817684014638265,-1.8151036898295085,-0.8336493174235026,0.5271385510762533,-15.144037564595541,-4.987258772055308,2.01646089553833,-13.591473579406738,5.338858445485433,9.690514087677002,-3.4113654692967734,13.300055185953775,-2.4264797369639077,17.694844245910645,21.801129659016926,16.828341801961262,27.703699111938477,-4.147745192050934,20.702861785888672,-6.860344250996907,25.996129353841145,19.128490447998047,31.320083618164062,17.883739471435547,26.33234977722168,32.41517448425293,-0.9042630195617676,-2.3138527708748975,-1.1086798111597698,-1.9155329664548237
2013,2.170121351877848,4.559159119923909,-3.131182392438253,0.4891577959060669,-6.000162959098816,-2.306527853012085,-6.3780778249104815,-8.662264982859293,0.8415969212849935,-0.7052211761474609,-9.320631345113119,-6.97041130065918,3.2102469404538474,-17.17923927307129,4.9083244403203325,-15.977765401204428,6.789438565572103,-9.625221570332846,6.044338703155518,-8.015553951263428,6.5570301214853925,6.222585280736287,5.172772407531738,3.854079564412435,-7.65219783782959,3.7581119934717813,2.883238951365153,-5.979713678359985,5.100697636604309,1.91352383295695,-3.325899362564087,6.303531487782796,-2.8749303023020425,10.540117422739664,13.561365127563477,11.753690679868063,25.994304021199543,-3.4443535854419074,13.100751082102457,-6.971181392669678,25.255499203999836,11.636658509572348,27.801950454711914,11.513145565986633,28.510574340820312,26.649449666341145,-1.9742510716120403,-2.885216991106669,-2.2865899801254272,-2.8264472149312496
2014,3.9158895015716553,7.263956546783447,-3.824007034301758,-3.0914825399716697,-6.615414301554362,-6.799442132314046,-3.2525879542032876,-7.145166873931885,-6.934805631637573,-2.3218418757120767,-5.792547384897868,-5.689349174499512,-7.5042563279469805,-13.328664461771647,-8.495178699493408,-12.21595017115275,8.002278168996176,-8.583338896433512,-9.420072078704834,-1.1317893067995708,-9.625733852386475,-8.721049467722574,-6.920324643452962,-4.852591435114543,1.776297812660535,7.466248869895935,-3.142907331387202,3.9529846608638763,3.8783861796061196,14.91789690653483,-2.1975609362125397,15.914196332295736,0.3416811029116313,16.604394276936848,16.26322587331136,12.844147364298502,31.375250498453777,-2.727913280328115,17.857693513234455,-7.871135552724202,28.859130859375,15.391844908396402,30.933062235514324,13.772201220194498,32.21010144551595,28.426342646280926,-0.840182714164257,0.45348723729451496,-0.32999612887700397,0.04127939542134603
2015,4.799071311950684,4.999448299407959,-18.83367919921875,-16.332157452901203,-19.844153086344402,-18.704593658447266,-20.35610008239746,-8.26297903060913,-16.848721822102863,-2.85797589023908,-20.370590209960938,-7.167894919713338,-14.193830172220865,-16.632959365844727,-11.13243039449056,-17.43988609313965,6.030385136604309,-19.16092872619629,-8.459841092427572,-20.024789810180664,-6.711414376894633,-5.652069509029388,-4.461042645076911,-2.6004933416843414,-17.55136998494466,8.696786562601725,-0.19811479250590006,-13.780889193216959,2.04471617937088,16.36562490463257,-3.478060483932495,19.420021057128906,-0.5787617216507593,23.08056386311849,26.484113693237305,13.17651081085205,33.04030100504557,-4.6727908452351885,20.735906918843586,-8.06148131688436,30.35014533996582,17.34061622619629,36.91251881917318,14.851950963338217,30.553308486938477,38.491024017333984,-2.7833145459493003,-0.8396140336990356,-2.1438286701838174,-1.5904567341009777
2016,-1.7130911747614543,3.316311697165171,-1.1252915859222412,0.6668919722239176,-4.375940561294556,-4.32643993695577,-2.661449591318766,-5.621214548746745,-4.717880884806315,0.7928392986456553,-5.150505781173706,-3.944583018620809,-4.784642616907756,-10.22343365351359,-4.031273444493611,-7.846195419629415,5.749749978383382,-5.799330870310466,-2.7256191968917847,-3.1307371457417807,-1.6542526284853618,-1.3672131250301998,-1.6403132776419322,-1.6885919570922852,-2.385673999786377,-2.932031035423279,-0.9135781526565552,-1.3333328415950139,4.324448664983113,4.931148687998454,-3.9660247961680093,8.871231635411581,-0.9311197400093079,12.563478151957193,15.033827463785807,12.507245381673178,26.412294387817383,-4.631691217422485,22.036770502726238,-9.316298325856527,30.674633026123047,18.406004269917805,28.197689056396484,15.183950424194336,31.1031920115153,27.898479461669922,-2.3248311281204224,-1.0320239067077637,-2.0027639071146646,-1.5077219605445862
